"customer_id";"first_name";"last_name";"email";"phone";"address"
1;"John";"Doe";"john.doe@example.com";"123-456-7890";"123 Elm Street"
2;"Jane";"Smith";"jane.smith@example.com";"123-456-7891";"456 Oak Street"
3;"Emily";"Johnson";"emily.johnson@example.com";"123-456-7892";"789 Pine Street"
4;"Michael";"Brown";"michael.brown@example.com";"123-456-7893";"101 Maple Street"
5;"Sarah";"Davis";"sarah.davis@example.com";"123-456-7894";"202 Birch Street"
6;"Emma";"Anderson";"user652525@example.com";"555-979-9382";"724 Random St"
7;"Mason";"Martin";"user313091@example.com";"555-720-5620";"496 Random St"
8;"Isabella";"Johnson";"user186258@example.com";"555-398-1935";"522 Random St"
9;"Liam";"Martin";"user756216@example.com";"555-988-7045";"395 Random St"
10;"Isabella";"Jackson";"user164331@example.com";"555-997-5465";"488 Random St"
11;"Isabella";"Brown";"user568648@example.com";"555-993-3354";"328 Random St"
12;"Mason";"Brown";"user846462@example.com";"555-450-4677";"874 Random St"
13;"Emma";"Johnson";"user108072@example.com";"555-290-7601";"34 Random St"
14;"Isabella";"White";"user754011@example.com";"555-620-6678";"419 Random St"
15;"Liam";"White";"user173289@example.com";"555-637-5209";"546 Random St"
16;"Olivia";"Smith";"user18252@example.com";"555-181-4569";"712 Random St"
17;"Olivia";"White";"user503227@example.com";"555-409-2897";"23 Random St"
18;"Noah";"Taylor";"user176668@example.com";"555-924-1523";"538 Random St"
19;"Ava";"Martin";"user283351@example.com";"555-565-7642";"138 Random St"
20;"Noah";"Martin";"user359807@example.com";"555-936-6146";"69 Random St"
21;"William";"Martin";"user775212@example.com";"555-173-1735";"164 Random St"
22;"Ava";"Taylor";"user200002@example.com";"555-858-6580";"568 Random St"
23;"Isabella";"Brown";"user85190@example.com";"555-824-7989";"464 Random St"
24;"Isabella";"Thomas";"user817021@example.com";"555-471-6533";"834 Random St"
25;"Olivia";"Johnson";"user717359@example.com";"555-247-7018";"851 Random St"
26;"Liam";"White";"user753541@example.com";"555-696-1508";"292 Random St"
27;"Liam";"Thomas";"user19978@example.com";"555-427-7848";"712 Random St"
28;"Liam";"Brown";"user454132@example.com";"555-545-2048";"96 Random St"
29;"Emma";"Taylor";"user359779@example.com";"555-778-7253";"210 Random St"
30;"Isabella";"Johnson";"user101233@example.com";"555-914-3057";"424 Random St"
31;"Noah";"Harris";"user150731@example.com";"555-176-9782";"623 Random St"
32;"Emma";"Smith";"user742663@example.com";"555-579-4964";"601 Random St"
33;"William";"Jackson";"user62499@example.com";"555-496-1151";"761 Random St"
34;"Sophia";"Anderson";"user220092@example.com";"555-645-4369";"52 Random St"
35;"Emma";"Thomas";"user144399@example.com";"555-277-5975";"173 Random St"
36;"Liam";"Thomas";"user913148@example.com";"555-144-5569";"390 Random St"
37;"Noah";"Martin";"user570731@example.com";"555-945-9890";"120 Random St"
38;"William";"Harris";"user178738@example.com";"555-498-7104";"63 Random St"
39;"Liam";"Brown";"user209114@example.com";"555-474-5103";"30 Random St"
40;"Sophia";"Harris";"user739479@example.com";"555-322-1172";"353 Random St"
41;"Sophia";"Anderson";"user292985@example.com";"555-112-2695";"901 Random St"
42;"Isabella";"Smith";"user207570@example.com";"555-115-5171";"266 Random St"
43;"Isabella";"Harris";"user658246@example.com";"555-645-1548";"484 Random St"
44;"Liam";"White";"user913612@example.com";"555-457-3202";"33 Random St"
45;"Noah";"Smith";"user921204@example.com";"555-534-6891";"822 Random St"
46;"Emma";"Brown";"user939150@example.com";"555-876-5522";"920 Random St"
47;"James";"White";"user294442@example.com";"555-390-7601";"698 Random St"
48;"Liam";"Taylor";"user889435@example.com";"555-453-3679";"309 Random St"
49;"William";"Taylor";"user707767@example.com";"555-586-6218";"278 Random St"
50;"William";"Anderson";"user93193@example.com";"555-319-9446";"962 Random St"
51;"Isabella";"Smith";"user441930@example.com";"555-958-5042";"381 Random St"
52;"Ava";"Jackson";"user551089@example.com";"555-838-5072";"799 Random St"
53;"William";"White";"user45405@example.com";"555-865-2103";"58 Random St"
54;"Isabella";"Anderson";"user396285@example.com";"555-716-3160";"143 Random St"
55;"Isabella";"Thomas";"user726723@example.com";"555-107-8750";"282 Random St"
56;"Mason";"Brown";"user898071@example.com";"555-701-6853";"246 Random St"
57;"Liam";"Jackson";"user379647@example.com";"555-976-7607";"747 Random St"
58;"Ava";"Anderson";"user550914@example.com";"555-514-6893";"890 Random St"
59;"Noah";"White";"user338724@example.com";"555-473-1558";"64 Random St"
60;"Emma";"Anderson";"user929277@example.com";"555-327-5299";"629 Random St"
61;"Sophia";"Jackson";"user264830@example.com";"555-351-6457";"192 Random St"
62;"Emma";"Johnson";"user174225@example.com";"555-565-1571";"766 Random St"
63;"William";"Harris";"user573283@example.com";"555-254-2254";"182 Random St"
64;"Noah";"Martin";"user47933@example.com";"555-576-5536";"932 Random St"
65;"Emma";"Martin";"user262527@example.com";"555-540-6955";"839 Random St"
66;"Liam";"Thomas";"user57983@example.com";"555-706-2802";"976 Random St"
67;"Liam";"Anderson";"user581993@example.com";"555-505-5565";"185 Random St"
68;"Noah";"Anderson";"user62088@example.com";"555-954-6096";"980 Random St"
69;"Liam";"Smith";"user740897@example.com";"555-546-3330";"806 Random St"
70;"Liam";"Harris";"user474276@example.com";"555-847-7614";"181 Random St"
71;"William";"Martin";"user647082@example.com";"555-451-1109";"888 Random St"
72;"Noah";"Taylor";"user634864@example.com";"555-153-4545";"791 Random St"
73;"Sophia";"Anderson";"user130316@example.com";"555-264-5715";"72 Random St"
74;"Sophia";"White";"user174699@example.com";"555-781-3390";"55 Random St"
75;"Noah";"Brown";"user643242@example.com";"555-616-9478";"987 Random St"
76;"Emma";"Jackson";"user662818@example.com";"555-561-6206";"353 Random St"
77;"James";"Smith";"user324249@example.com";"555-438-9179";"416 Random St"
78;"Olivia";"Thomas";"user489624@example.com";"555-929-2291";"950 Random St"
79;"Olivia";"White";"user780880@example.com";"555-693-9642";"820 Random St"
80;"Liam";"Jackson";"user532165@example.com";"555-770-2197";"428 Random St"
81;"Sophia";"Anderson";"user859035@example.com";"555-143-6966";"171 Random St"
82;"Mason";"Harris";"user492573@example.com";"555-107-6058";"786 Random St"
83;"Liam";"Harris";"user633672@example.com";"555-588-8351";"454 Random St"
84;"Mason";"White";"user197019@example.com";"555-813-4400";"508 Random St"
85;"Noah";"Thomas";"user337150@example.com";"555-235-7661";"251 Random St"
86;"James";"Anderson";"user931562@example.com";"555-497-4763";"763 Random St"
87;"Ava";"Thomas";"user915750@example.com";"555-115-4063";"649 Random St"
88;"Liam";"Johnson";"user243942@example.com";"555-698-6347";"975 Random St"
89;"James";"Thomas";"user475212@example.com";"555-745-2486";"671 Random St"
90;"Mason";"Brown";"user864708@example.com";"555-509-7158";"55 Random St"
91;"Liam";"Martin";"user9291@example.com";"555-321-2819";"273 Random St"
92;"Sophia";"Martin";"user592041@example.com";"555-135-4798";"991 Random St"
93;"William";"Anderson";"user322466@example.com";"555-258-9204";"31 Random St"
94;"Noah";"Smith";"user773755@example.com";"555-862-9295";"64 Random St"
95;"Ava";"Thomas";"user172877@example.com";"555-251-3929";"121 Random St"
96;"William";"White";"user12056@example.com";"555-748-6152";"697 Random St"
97;"Sophia";"White";"user484208@example.com";"555-229-3397";"900 Random St"
98;"Sophia";"Harris";"user995826@example.com";"555-560-6185";"343 Random St"
99;"Isabella";"Harris";"user527616@example.com";"555-952-2445";"956 Random St"
100;"Olivia";"Jackson";"user299540@example.com";"555-615-9729";"130 Random St"
101;"Sophia";"Brown";"user253032@example.com";"555-449-2652";"752 Random St"
102;"Liam";"Harris";"user381985@example.com";"555-548-4117";"237 Random St"
103;"Emma";"Smith";"user616431@example.com";"555-147-4753";"925 Random St"
104;"Olivia";"Johnson";"user404359@example.com";"555-730-3629";"358 Random St"
105;"Isabella";"Anderson";"user690096@example.com";"555-995-9170";"552 Random St"
